OlinkID	Symbol	CSF_belowLOD	Plasma_belowLOD
OID20825	GLT8D2	True	True
OID20826	RASA1	False	True
OID20827	DUSP3	True	False
OID20828	FGR	True	False
OID20829	HSP90B1	True	True
OID20830	MAPT	False	True
OID20831	CLSPN	True	True
OID20832	PADI4	True	True
OID20833	IVD	False	False
OID20834	NOS3	True	False
OID20835	PLIN1	True	False
OID20836	CETN2	True	False
OID20837	STK24	True	True
OID20838	GGA1	True	True
OID20839	PBLD	True	False
OID20840	EPHA10	False	False
OID20841	GHRHR	True	False
OID20890	GPKOW	True	False
OID20891	ECE1	False	False
OID20892	PFDN2	True	True
OID20893	CASP10	True	True
OID20855	ILKAP	False	True
OID20856	BAX	True	False
OID20857	CERT	True	True
OID20858	MRPL46	True	True
OID20867	PRTFDC1	True	False
OID20868	TST	True	False
OID20869	XRCC4	True	True
OID20870	TARBP2	False	False
OID20871	NEFL	False	False
OID20872	FHIT	True	False
OID20873	KIRREL2	False	False
OID20874	CLSTN1	False	False
OID20875	TDRKH	True	False
OID20876	GSTP1	False	True
OID20877	MAX	True	False
OID20878	S100A16	True	False
OID20879	DCTN6	False	False
OID20880	PTK7	False	False
OID20881	KEL	True	False
OID20882	WASF3	True	True
OID20883	BRK1	True	False
OID20884	FMNL1	True	False
OID20885	GKN1	True	False
OID20886	ANXA10	True	False
OID20887	HMOX2	False	False
OID20888	KLB	True	False
OID20889	ISLR2	False	False
OID20894	TIGAR	False	True
OID20895	AKT1S1	True	False
OID20896	AGR2	True	False
OID20818	SSB	True	True
OID20819	PAK4	True	True
OID20820	SIRT5	False	False
OID20821	LYPD1	True	False
OID20822	PXN	True	False
OID20823	IDI2	True	True
OID20824	LIF	False	False
OID20790	SESTD1	True	True
OID20791	FOSB	True	False
OID20792	NDRG1	False	False
OID20793	ODAM	True	False
OID20794	PTEN	True	True
OID20842	TPPP3	True	False
OID20843	ATP6V1F	True	True
OID20844	TBC1D17	True	False
OID20845	GBP4	True	True
OID20846	FKBP7	True	True
OID20847	PTS	False	False
OID20848	TNF	True	False
OID20849	NXPH1	False	False
OID20850	PMVK	True	False
OID20851	VSTM1	True	False
OID20852	SLC39A14	True	False
OID20853	ING1	False	False
OID20854	CASP1	True	True
OID20859	CARHSP1	True	False
OID20860	KRT5	True	False
OID20861	GDNF	True	False
OID20862	SLIT2	True	False
OID20863	NOS1	False	False
OID20864	C2CD2L	False	False
OID20865	ATXN10	True	False
OID20866	MUC13	True	False
OID20795	IFNL1	True	True
OID20796	SMARCA2	True	False
OID20797	COPE	True	True
OID20798	ATF2	True	True
OID20799	SLC16A1	False	False
OID20800	KRT14	True	True
OID20801	CALB2	False	False
OID20803	ARID4B	True	True
OID20804	C19orf12	True	False
OID20805	SCARB1	True	True
OID20806	AMFR	True	False
OID20807	MMP13	True	True
OID20808	CDHR1	False	False
OID20809	IL34	False	False
OID20810	ANXA5	True	True
OID20811	ATP5PO	True	True
OID20812	SIGLEC15	True	False
OID20813	KCNIP4	False	True
OID20814	SLC27A4	True	False
OID20815	METAP1	True	True
OID20816	TDGF1	False	False
OID20817	RAB6B	True	True
OID20906	SKAP1	True	False
OID20907	IMPA1	False	False
OID20908	PTPN1	False	False
OID20909	GGT5	False	False
OID20910	CLPP	True	False
OID20911	IL6	False	False
OID20912	PTPRN2	False	False
OID20913	NMNAT1	True	False
OID20914	CRTAM	False	False
OID20936	VWC2	False	False
OID20937	FKBP5	True	False
OID20938	RSPO1	False	False
OID20939	WFIKKN1	False	False
OID20948	SETMAR	False	False
OID20940	CDCP1	False	False
OID20941	IFNGR2	False	False
OID20942	TBCC	True	False
OID20943	SCARB2	False	False
OID20944	GPC5	False	False
OID20945	LY96	True	False
OID20946	FLRT2	False	False
OID20947	TMPRSS5	False	False
OID20897	DPEP1	True	False
OID20899	MAP4K5	True	False
OID20900	IL18RAP	False	False
OID20901	CRIP2	False	False
OID20902	PPP3R1	False	False
OID20903	DARS1	True	False
OID20904	MAD1L1	True	False
OID20905	EREG	True	False
OID20915	CSF2RA	False	False
OID20916	PSG1	True	False
OID20917	DRAXIN	False	False
OID20918	EBAG9	True	False
OID20919	ULBP2	False	False
OID20920	NGF	True	True
OID20921	ABHD14B	False	False
OID20922	PHOSPHO1	False	False
OID20923	CRADD	False	False
OID20924	SPOCK1	False	False
OID20925	PAEP	False	False
OID20926	WWP2	False	False
OID20927	APRT	False	False
OID20928	CLEC10A	True	False
OID20930	CHMP1A	True	False
OID20931	NAAA	False	False
OID20932	SERPINB9	False	False
OID20933	GFRA3	False	False
OID20934	DKK4	False	False
OID20935	EFNA4	False	False
OID20949	GLB1	False	False
OID20950	RHOC	True	False
OID20951	MDGA1	False	False
OID20952	TXLNA	False	False
OID20953	TNFSF14	False	False
OID20954	MASP1	True	False
OID20955	STAMBP	False	False
OID20956	DNMBP	False	False
OID20957	TNR	False	False
OID20958	CC2D1A	False	False
OID20959	MITD1	False	False
OID20960	FKBP4	False	False
OID20961	NPM1	False	False
OID20962	PRDX1	False	False
OID20963	LPO	False	False
OID20964	TNFRSF6B	False	False
OID20965	LAIR2	False	False
OID20966	CD274	False	False
OID20967	TNFRSF10A	False	False
OID20968	FRZB	False	False
OID20969	PSME1	False	False
OID20970	LAYN	False	False
OID20971	SNCG	False	False
OID20972	BAG3	True	False
OID20973	CCS	True	False
OID20974	ADGRB3	False	False
OID20975	HNMT	False	False
OID20976	CX3CL1	False	False
OID20977	IPCEF1	True	False
OID20978	AFP	True	False
OID20979	MATN3	False	False
OID20980	OBP2B	False	False
OID20981	TNFRSF10B	False	False
OID20982	EPHB6	False	False
OID20983	CALCA	False	False
OID20984	SFRP1	False	False
OID20985	TNFRSF9	False	False
OID20986	RBKS	False	False
OID20987	TCL1A	True	False
OID20988	CD63	False	False
OID20989	PSME2	False	False
OID20990	ASGR1	False	False
OID20992	FUT8	False	False
OID20993	TBCB	True	False
OID20994	BMP4	False	False
OID20995	CST5	False	False
OID20996	ASAH2	False	False
OID20997	CXCL8	False	False
OID20998	BCAN	False	False
OID20999	ACVRL1	False	False
OID21000	EIF4B	True	False
OID21001	ADAM22	False	False
OID21002	PLA2G10	True	False
OID21003	LXN	True	False
OID21004	CCL2	False	False
OID21037	ENO1	False	False
OID21038	CHGB	False	False
OID21039	ADAM8	False	False
OID21040	CD74	False	False
OID21041	LGALS8	False	False
OID21042	CXCL11	False	False
OID21057	NTRK3	False	False
OID21058	SCARA5	False	False
OID21059	LRPAP1	False	False
OID21060	CPA2	False	False
OID21061	CLEC1B	True	False
OID21062	FOLR2	False	False
OID21063	MSR1	False	False
OID21064	JAM2	False	False
OID21043	FABP5	False	False
OID21044	GOLM2	False	False
OID21045	RGMB	False	False
OID21046	ENO2	False	False
OID21047	OXT	False	False
OID21048	SCARF2	False	False
OID21049	TNFRSF8	False	False
OID21050	THY1	False	False
OID21051	BST1	False	False
OID21052	TNFRSF21	False	False
OID21053	CPPED1	False	False
OID21054	CPM	False	False
OID21055	NCAN	False	False
OID21056	CTSS	False	False
OID21005	CDH15	False	False
OID21006	CNTN5	False	False
OID21007	ROBO2	False	False
OID21008	CDH3	False	False
OID21009	DDR1	False	False
OID21010	CD300C	False	False
OID21011	PVR	False	False
OID21012	TXNDC5	False	False
OID21013	FUT3_FUT5	False	False
OID21014	STC1	False	False
OID21015	RWDD1	False	False
OID21016	VTA1	False	False
OID21017	EZR	False	False
OID21018	CD8A	False	False
OID21019	MMP8	True	False
OID21020	SEMA4D	False	False
OID21021	PDCD5	False	False
OID21022	NSFL1C	False	False
OID21023	SERPINB6	False	False
OID21024	CXCL13	False	False
OID21025	CD34	True	False
OID21026	VCAN	False	False
OID21027	PPCDC	False	False
OID21028	SMPD1	False	False
OID21029	BST2	False	False
OID21030	CCL19	False	False
OID21031	SULT1A1	True	False
OID21032	SUMF2	False	False
OID21033	PRL	False	False
OID21034	LBR	False	False
OID21035	LAMP2	False	False
OID21036	ANXA3	False	False
OID21065	RGMA	False	False
OID21066	DKK1	False	False
OID21119	CD177	False	False
OID21120	TREML2	False	False
OID21121	MYOC	False	False
OID21122	CD99L2	False	False
OID21123	OGN	False	False
OID21124	PLAU	False	False
OID21125	EFNA1	False	False
OID21126	IL1RAP	False	False
OID21127	B4GAT1	False	False
OID21128	ALDH1A1	False	False
OID21134	MFGE8	False	False
OID21135	TXNRD1	False	False
OID21136	IL7R	False	False
OID21137	HAVCR2	False	False
OID21138	ARSA	False	False
OID21139	ITGA5	False	False
OID21067	BIN2	False	False
OID21068	CCN5	False	False
OID21069	CGA	False	False
OID21091	GP6	True	False
OID21092	CNTN3	False	False
OID21093	INHBC	False	False
OID21094	PIK3IP1	False	False
OID21095	NCAM2	False	False
OID21096	CA6	False	False
OID21114	SOD2	False	False
OID21115	NUDT5	False	False
OID21116	IL1R1	False	False
OID21117	CNTN4	False	False
OID21118	TMSB10	False	False
OID21129	PILRA	False	False
OID21130	CD300LG	False	False
OID21131	PECAM1	False	False
OID21132	GNLY	False	False
OID21133	FCER2	False	False
OID21140	FYB1	False	False
OID21097	SPINK1	False	False
OID21098	SUSD2	False	False
OID21099	MESD	False	False
OID21100	MPO	False	False
OID21101	GUCA2A	False	False
OID21102	PIGR	False	False
OID21103	MMP9	False	False
OID21104	THBS2	False	False
OID21105	PLA2G7	False	False
OID21106	NOMO1	False	False
OID21107	TNXB	False	False
OID21108	CD109	False	False
OID21109	SPINT1	False	False
OID21110	CD99	False	False
OID21111	FCRL5	False	False
OID21112	CLEC11A	False	False
OID21113	DSG2	False	False
OID21141	BLVRB	False	False
OID21142	RELT	False	False
OID21143	DBI	False	False
OID21144	VSIG4	False	False
OID21145	TNFRSF1B	False	False
OID21146	IGF2R	False	False
OID21147	TIMP4	False	False
OID21148	SPINK5	False	False
OID21149	CA2	False	False
OID21150	CTRB1	False	False
OID21151	F11R	False	False
OID21070	APP	False	False
OID21071	ITGAM	False	False
OID21072	APOH	True	False
OID21073	MIF	False	False
OID21074	NPTX1	False	False
OID21075	GGT1	False	False
OID21076	BCAM	False	False
OID21077	STIP1	True	False
OID21078	AHSP	True	False
OID21079	DSC2	False	False
OID21080	CD164	False	False
OID21081	NRP2	False	False
OID21082	SIGLEC5	False	False
OID21083	MMP3	False	False
OID21084	WARS	False	False
OID21085	NID2	False	False
OID21086	HARS1	False	False
OID21087	PEBP1	False	False
OID21088	SERPINB1	False	False
OID21089	IL17RA	False	False
OID21090	CLEC14A	False	False
OID21152	LILRA2	False	False
OID21153	PAMR1	False	False
OID21154	TFF1	False	False
OID21155	TNFRSF1A	False	False
OID21156	CLPS	False	False
OID21157	STC2	False	False
OID21158	IGFBP4	False	False
OID21159	GRN	False	False
OID21160	PARK7	False	False
OID21237	TNF	True	False
OID21238	CDC27	True	False
OID21239	FLI1	True	False
OID21240	STXBP3	True	True
OID21241	CEP85	True	False
OID21242	GSTA3	True	False
OID21243	AGR3	True	False
OID21244	AKR1B1	False	False
OID21209	CEP20	True	False
OID21210	LSM1	True	False
OID21211	RUVBL1	True	False
OID21212	NFKBIE	True	False
OID21213	IKZF2	True	True
OID21214	SLAMF8	False	False
OID21215	FCGR2B	True	False
OID21216	GFOD2	True	False
OID21217	BIRC2	True	True
OID21218	SFTPA2	True	False
OID21219	STX6	True	False
OID21220	TBL1X	True	False
OID21221	PSMA1	True	True
OID21222	SH2B3	True	False
OID21224	NDUFS6	True	False
OID21225	PRKRA	True	False
OID21226	DDX58	True	False
OID21227	NAMPT	True	False
OID21245	CEACAM3	True	True
OID21246	ATG4A	True	False
OID21247	GFAP	False	False
OID21248	LHB	False	False
OID21249	CRACR2A	False	False
OID21250	BAIAP2	False	False
OID21251	LYPD8	True	False
OID21252	EGFL7	False	False
OID21253	MAP3K5	True	False
OID21254	SLAMF6	True	False
OID21255	ARHGAP25	True	False
OID21256	FUS	True	False
OID21257	CRH	False	False
OID21258	PLXDC1	False	False
OID21259	GFER	False	False
OID21260	ENTPD2	False	False
OID21261	CFC1	False	False
OID21262	SORCS2	False	False
OID21263	GCG	True	False
OID21264	LYAR	False	True
OID21265	CD28	False	False
OID21266	HPGDS	True	False
OID21267	BAMBI	False	True
OID21268	ITGB1BP1	False	False
OID21269	ACAA1	True	False
OID21270	TPMT	True	False
OID21271	FOXO3	True	False
OID21272	FLT3	False	False
OID21191	LTBP3	False	False
OID21192	FEN1	True	False
OID21193	FCRLB	True	False
OID21194	RASSF2	True	False
OID21195	CA11	False	False
OID21196	KIR2DL3	True	False
OID21197	AKT3	True	True
OID21198	BGN	False	False
OID21199	BTC	False	False
OID21200	CCT5	True	False
OID21228	CLEC6A	False	False
OID21229	SUGT1	True	False
OID21230	CHAC2	True	False
OID21231	GNE	True	False
OID21232	TP53	True	True
OID21233	FMR1	True	True
OID21234	AIF1	True	False
OID21235	NPTN	False	False
OID21236	MED18	True	False
OID21176	PDP1	True	True
OID21201	KLK12	True	False
OID21202	ARHGAP1	True	False
OID21203	RANGAP1	True	True
OID21204	MAVS	True	False
OID21205	ZBTB16	True	False
OID21206	MAEA	True	False
OID21207	FES	True	True
OID21208	NTF4	True	False
OID21177	RARRES1	True	False
OID21178	ATP6AP2	True	False
OID21179	RNF41	True	False
OID21180	SMAD1	True	False
OID21181	MAGED1	True	True
OID21182	CAMKK1	True	True
OID21183	PDGFC	True	False
OID21184	PPM1A	True	True
OID21185	KIR3DL1	True	False
OID21186	MZT1	True	False
OID21187	RRM2	True	False
OID21188	ADCYAP1R1	True	False
OID21189	UXS1	False	False
OID21161	SCP2	True	False
OID21162	ANKRD54	True	False
OID21163	RABEPK	True	False
OID21164	VTCN1	False	False
OID21165	SFTPA1	True	False
OID21166	RAD23B	True	False
OID21167	NINJ1	True	False
OID21168	GH2	True	False
OID21169	PSRC1	True	False
OID21170	STX16	True	False
OID21171	CEACAM5	True	False
OID21172	PQBP1	True	False
OID21173	GSAP	True	False
OID21174	RRM2B	False	False
OID21175	HGS	True	False
OID21329	SEMA4C	False	False
OID21330	GFRA2	False	False
OID21331	ARSB	False	False
OID21332	SCAMP3	False	False
OID21333	LRRC25	True	False
OID21334	DCTN2	True	False
OID21335	DRG2	False	False
OID21336	UBAC1	True	False
OID21337	ELOA	False	False
OID21338	ERP44	False	False
OID21353	SMAD5	False	False
OID21354	DPP6	False	False
OID21355	VPS37A	True	False
OID21356	PFKFB2	False	False
OID21273	PDCD1LG2	False	False
OID21274	IGF1R	False	False
OID21275	ADAMTS15	False	False
OID21276	IL6	False	False
OID21277	STAT5B	True	False
OID21278	SF3B4	True	False
OID21279	SEPTIN9	True	False
OID21280	ABL1	False	False
OID21281	VPS53	True	False
OID21282	CDHR2	True	False
OID21283	POLR2F	False	False
OID21284	SERPINA9	False	False
OID21285	TACC3	True	False
OID21286	TBC1D23	True	False
OID21287	AIFM1	True	False
OID21288	MPI	True	False
OID21289	SEZ6L2	False	False
OID21290	LPCAT2	True	False
OID21291	KLK13	False	False
OID21292	LAT2	True	False
OID21293	LRP1	False	False
OID21294	ADGRG1	False	False
OID21295	CDKN2D	True	False
OID21296	KRT18	False	False
OID21297	COX5B	True	False
OID21298	CD207	True	False
OID21299	DDAH1	False	False
OID21301	FLT1	False	False
OID21302	RP2	True	False
OID21303	HS3ST3B1	True	False
OID21304	PSMD9	True	False
OID21305	DPEP2	False	False
OID21306	CALB1	False	False
OID21307	MME	False	False
OID21308	NUDT2	True	True
OID21309	GRPEL1	False	False
OID21310	VNN2	False	False
OID21311	AARSD1	True	False
OID21312	IGSF3	False	False
OID21313	DKKL1	False	False
OID21314	INPPL1	True	False
OID21315	LAG3	True	False
OID21316	CD38	False	False
OID21317	CNPY4	False	False
OID21318	CDNF	False	False
OID21319	CDKN1A	True	False
OID21320	KIFBP	True	False
OID21321	TAFA5	False	False
OID21322	ST3GAL1	False	False
OID21323	ERBIN	True	False
OID21324	SRP14	False	False
OID21325	DSG4	True	False
OID21326	STX4	False	False
OID21327	IL12A_IL12B	False	False
OID21328	CD302	False	False
OID21339	KAZALD1	False	False
OID21340	CES3	True	False
OID21341	ATP6V1D	True	True
OID21342	EPHA2	False	False
OID21343	RTBDN	False	False
OID21344	CA12	False	False
OID21345	INPP1	False	False
OID21346	RET	False	False
OID21347	PPME1	True	False
OID21348	YES1	False	False
OID21349	DTX3	False	False
OID21350	LYN	False	False
OID21351	ICOSLG	False	False
OID21352	OMG	False	False
OID21357	AREG	False	False
OID21358	PODXL	True	False
OID21359	APBB1IP	True	False
OID21360	OGFR	False	False
OID21361	IQGAP2	False	False
OID21362	OPTC	False	False
OID21363	DNAJB1	True	False
OID21364	TMPRSS15	True	False
OID21365	RBP2	True	False
OID21366	CES2	True	False
OID21367	USO1	True	False
OID21368	CCN1	False	False
OID21369	RBP5	True	False
OID21370	AMIGO2	False	False
OID21371	GALNT10	False	False
OID21372	FAM3B	False	False
OID21373	DEFB4A_DEFB4B	True	False
OID21374	S100A12	True	False
OID21375	SIRT2	False	False
OID21376	GPA33	True	False
OID21377	GALNT7	False	False
OID21378	MUC16	True	True
OID21379	GCNT1	False	False
OID21380	MSLN	False	False
OID21381	VMO1	True	False
OID21382	VAT1	True	False
OID21383	ALPP	True	False
OID21432	ACP6	False	False
OID21433	HBQ1	True	False
OID21384	MOG	False	False
OID21385	HMBS	True	False
OID21386	CBLN4	False	False
OID21387	CALCOCO1	True	False
OID21388	NPY	False	False
OID21389	EBI3_IL27	False	False
OID21390	SIGLEC9	False	False
OID21391	KLK4	False	False
OID21392	CPE	False	False
OID21393	ITGB7	False	False
OID21394	SIGLEC6	False	False
OID21395	HAO1	True	False
OID21396	PDCD1	False	False
OID21397	EPS8L2	False	False
OID21398	XCL1	False	False
OID21399	DCTN1	True	False
OID21400	SCG2	False	False
OID21401	CA14	False	False
OID21402	FGF21	True	False
OID21403	TRIAP1	False	False
OID21404	PRDX6	True	False
OID21405	CTSV	False	False
OID21406	LGALS7_LGALS7B	False	False
OID21407	KLK14	True	False
OID21408	HSPB6	False	False
OID21409	SLITRK2	False	False
OID21410	DPY30	True	False
OID21411	FGF23	False	False
OID21412	ANGPTL7	False	False
OID21413	AMBP	True	False
OID21414	CASP8	False	False
OID21415	RSPO3	False	False
OID21416	ITGAV	True	False
OID21417	CA9	False	False
OID21418	CD300E	False	False
OID21419	CLMP	False	False
OID21420	PVALB	False	False
OID21421	VWA1	False	False
OID21422	HAVCR1	False	False
OID21423	GALNT2	False	False
OID21424	RTN4R	False	False
OID21425	SCLY	False	False
OID21426	CNTN2	False	False
OID21427	CRNN	True	False
OID21428	DAB2	False	False
OID21429	LRIG1	False	False
OID21430	CXCL8	False	False
OID21431	CAPG	False	False
OID21434	APEX1	False	False
OID21435	CPVL	False	False
OID21436	RILP	True	False
OID21437	METAP2	False	False
OID21438	GPC1	False	False
OID21439	MMP12	False	False
OID21440	F3	False	False
OID21441	HS6ST1	False	False
OID21442	FXN	False	False
OID21443	PRTG	False	False
OID21444	CCN4	False	False
OID21445	ARG1	True	False
OID21446	TNFRSF19	False	False
OID21447	TACSTD2	False	False
OID21448	NUCB2	False	False
OID21449	CD5	False	False
OID21450	SPINK6	False	False
OID21451	EDA2R	False	False
OID21452	LTA4H	True	False
OID21453	SORD	False	False
OID21454	LEFTY2	False	False
OID21455	HDGF	False	False
OID21456	CRISP2	False	False
OID21457	GFRA1	False	False
OID21458	NCS1	False	False
OID21459	HAGH	True	False
OID21460	DSG3	False	False
OID21461	SMOC1	False	False
OID21462	WFDC12	False	False
OID21463	ANGPT2	False	False
OID21464	WIF1	False	False
OID21465	HBEGF	False	False
OID21466	CCL8	False	False
OID21467	ADM	False	False
OID21468	IDUA	False	False
OID21469	CD300LF	False	False
OID21470	CDC37	False	False
OID21471	HTRA2	False	False
OID21472	CD33	False	False
OID21473	PLA2G15	False	False
OID21474	DCBLD2	False	False
OID21475	PPP1R12A	False	False
OID21476	ATOX1	False	False
OID21477	TJAP1	False	False
OID21478	FGFR2	False	False
OID21479	CPXM1	False	False
OID21480	DCXR	True	False
OID21481	C4BPB	False	False
OID21482	TNFRSF12A	False	False
OID21483	CD1C	False	False
OID21484	L1CAM	False	False
OID21485	FOLR3	False	False
OID21486	NBL1	False	False
OID21487	PODXL2	False	False
OID21488	SEZ6L	False	False
OID21489	MDK	False	False
OID21490	NECTIN4	False	False
OID21491	FLT4	False	False
OID21492	MANSC1	False	False
OID21493	TGFBR2	False	False
OID21494	NELL1	False	False
OID21495	TXNDC15	False	False
OID21496	TEK	False	False
OID21497	KDR	False	False
OID21498	NT5E	False	False
OID21499	KLK1	False	False
OID21500	CTSF	False	False
OID21501	CIAPIN1	False	False
OID21502	ADAMTS8	False	False
OID21503	SIAE	False	False
OID21504	IL13RA1	False	False
OID21505	WFDC2	False	False
OID21506	SNAP29	False	False
OID21507	FGFBP1	True	False
OID21508	XPNPEP2	False	False
OID21509	P4HB	False	False
OID21510	ERBB4	False	False
OID21511	SPARC	False	False
OID21512	TFPI2	False	False
OID21513	MSRA	False	False
OID21514	FURIN	False	False
OID21515	CREG1	False	False
OID21516	PPY	True	False
OID21517	KLK8	False	False
OID21518	KLK11	False	False
OID21519	S100A4	False	False
OID21520	ERBB2	False	False
OID21521	SRC	False	False
OID21522	ITGB5	False	False
OID21523	KLK10	False	False
OID21524	VEGFC	False	False
OID21525	DLL1	False	False
OID21526	KLK6	False	False
OID21527	CD27	False	False
OID21528	CEACAM1	False	False
OID21529	FOLR1	False	False
OID21530	LYPD3	False	False
OID21531	MIA	False	False
OID20466	DGKZ	True	True
OID20467	PADI2	False	False
OID20468	PRKCQ	True	True
OID20469	IL17A	False	False
OID20470	NFATC3	True	True
OID20471	GALNT3	True	False
OID20472	IL5	True	False
OID20473	TNF	True	False
OID20474	TANK	True	False
OID20475	SPRY2	False	False
OID20476	TPT1	True	True
OID20496	SLAMF1	True	False
OID20497	ENAH	True	False
OID20498	IL15RA	False	False
OID20455	IL11	True	True
OID20456	IL17F	True	False
OID20457	SCGN	True	False
OID20458	CXCL14	True	False
OID20459	MVK	True	False
OID20460	WNT9A	False	False
OID20461	IL3RA	False	False
OID20462	SIT1	False	False
OID20463	FXYD5	True	True
OID20464	CXCL12	True	False
OID20465	NRTN	True	True
OID20477	IL17C	True	False
OID20478	YTHDF3	False	False
OID20479	WAS	True	True
OID20480	TNFRSF13C	False	False
OID20481	IL17D	False	False
OID20482	MILR1	False	False
OID20483	PRDX3	True	True
OID20484	ICA1	True	False
OID20485	IRAK1	False	False
OID20486	IL12RB1	True	False
OID20487	IL1RL2	False	False
OID20488	IL1A	True	True
OID20489	GBP2	True	True
OID20490	FGF5	False	False
OID20491	CSF3	True	False
OID20492	AMN	True	False
OID20493	ITGB6	True	False
OID20494	JCHAIN	True	False
OID20495	IFNG	True	False
OID20419	IL2	True	True
OID20420	IL10RA	True	False
OID20421	PAPPA	False	False
OID20422	IL20RA	False	False
OID20423	EIF5A	False	False
OID20424	JUN	True	True
OID20425	RAB37	True	False
OID20445	PNPT1	True	False
OID20446	ARTN	True	False
OID20447	RABGAP1L	True	False
OID20448	NCLN	True	True
OID20449	IL22RA1	True	False
OID20450	IL2RB	True	False
OID20451	MYO9B	True	False
OID20452	AOC1	True	True
OID20453	IL20	False	False
OID20454	RGS8	True	True
OID20426	IL4	True	True
OID20427	IL1B	True	False
OID20428	IL33	True	True
OID20429	LILRB4	False	False
OID20430	IL13	True	True
OID20431	IL10	True	False
OID20432	ARNT	True	True
OID20433	TNFAIP8	True	True
OID20434	LTO1	True	True
OID20435	ACTN4	True	True
OID20436	LAP3	True	False
OID20437	AMBN	False	False
OID20438	LRRN1	False	False
OID20439	PREB	True	True
OID20440	IL24	True	True
OID20441	CEP164	True	True
OID20442	NBN	True	False
OID20443	FCRL3	True	False
OID20444	PRKAB1	True	False
OID20520	HLA-DRA	False	False
OID20521	TBC1D5	True	False
OID20522	EPO	True	False
OID20523	CCL7	True	False
OID20524	DAPP1	True	False
OID20525	EDAR	False	False
OID20526	TRIM5	True	False
OID20527	DPP10	False	False
OID20528	ITGA6	True	False
OID20529	FCRL6	True	False
OID20530	LSP1	True	False
OID20531	STX8	False	False
OID20532	HLA-E	False	False
OID20533	TRIM21	True	False
OID20534	PSIP1	True	False
OID20535	IL7	True	False
OID20536	SAMD9L	True	False
OID20598	PTPRM	False	False
OID20599	CD70	True	False
OID20500	PARP1	True	False
OID20501	FABP9	True	False
OID20502	SRPK2	True	False
OID20503	FGF2	True	False
OID20504	ITM2A	False	False
OID20505	BACH1	True	False
OID20506	IFNLR1	False	False
OID20515	FOXO1	True	False
OID20516	VASH1	True	True
OID20517	BID	True	False
OID20519	METAP1D	True	False
OID20537	SIGLEC10	False	False
OID20538	ISM1	False	False
OID20539	SLC39A5	True	False
OID20540	BTN3A2	False	False
OID20541	MLN	False	False
OID20542	SCRN1	True	False
OID20543	PROK1	True	False
OID20544	IKBKG	True	False
OID20545	NFATC1	True	False
OID20546	CCL26	True	False
OID20547	CLEC4C	True	False
OID20548	CEACAM21	False	False
OID20549	PSMG3	False	False
OID20550	COL9A1	False	False
OID20551	GOPC	True	False
OID20552	MAP2K6	False	False
OID20553	NT5C3A	True	False
OID20554	ARHGEF12	True	False
OID20555	CASP2	True	False
OID20556	CNTNAP2	False	False
OID20557	MAPK9	True	False
OID20558	BCR	True	False
OID20559	CLIP2	True	False
OID20560	SELPLG	False	False
OID20561	CXADR	False	False
OID20562	IL15	False	False
OID20563	IL6	False	False
OID20564	FCAR	False	False
OID20565	CD83	False	False
OID20566	NCR1	True	False
OID20567	NCF2	True	False
OID20568	NPPC	False	False
OID20569	CCL28	True	False
OID20570	PTX3	True	False
OID20571	PTH1R	False	False
OID20572	EGLN1	False	False
OID20573	CLEC4A	False	False
OID20574	OSM	True	False
OID20575	HSD11B1	True	False
OID20576	IL4R	False	False
OID20577	IRAK4	True	False
OID20578	ICAM4	False	False
OID20579	DECR1	True	False
OID20580	LY75	False	False
OID20581	ITGA11	True	False
OID20582	AXIN1	True	False
OID20583	ANXA11	True	False
OID20584	CD4	False	False
OID20585	IL17RB	False	False
OID20586	LTA	False	False
OID20587	PIK3AP1	True	False
OID20588	MGMT	True	False
OID20589	HEXIM1	False	False
OID20590	CLEC4G	True	False
OID20591	NTF3	True	False
OID20592	TNFSF11	False	False
OID20593	MICB_MICA	False	False
OID20594	BANK1	True	False
OID20595	CD200R1	False	False
OID20596	KRT19	False	False
OID20597	PLXNA4	False	False
OID20600	TGFA	False	False
OID20601	IL5RA	False	False
OID20602	SLAMF7	False	False
OID20603	CD200	False	False
OID20604	GZMB	False	False
OID20605	IL32	False	False
OID20606	LIFR	False	False
OID20607	CD84	False	False
OID20608	RAB6A	False	False
OID20609	CLEC4D	True	False
OID20610	CCL3	False	False
OID20507	TRAF2	True	False
OID20508	SULT2A1	True	False
OID20509	SPINK4	True	False
OID20510	NUB1	True	False
OID20511	PSPN	False	False
OID20512	ALDH3A1	False	False
OID20513	BCL2L11	False	False
OID20514	SH2D1A	True	False
OID20631	CXCL8	False	False
OID20632	KLRD1	False	False
OID20633	IL16	False	False
OID20634	NFASC	False	False
OID20635	CD79B	False	False
OID20636	CLEC7A	False	False
OID20637	CD22	False	False
OID20638	LAMP3	True	False
OID20639	FCRL2	True	False
OID20640	LAT	True	False
OID20641	GMPR	False	False
OID20611	TNFSF10	False	False
OID20612	TLR3	False	False
OID20613	CXCL6	True	False
OID20614	PCDH1	False	False
OID20615	HPCAL1	True	False
OID20616	CD40LG	False	False
OID20617	CKAP4	False	False
OID20618	FKBP1B	True	True
OID20619	IDS	False	False
OID20620	DFFA	False	False
OID20621	TGFB1	False	False
OID20622	CXCL17	True	False
OID20623	NUDC	False	False
OID20624	TNFSF12	False	False
OID20625	EIF4G1	True	False
OID20626	BSG	False	False
OID20627	DNAJA2	False	False
OID20628	CD244	False	False
OID20629	KLRB1	False	False
OID20630	SERPINB8	False	False
OID20642	TPSAB1	False	False
OID20643	PPP1R9B	True	False
OID20644	PRDX5	True	False
OID20645	ADA	False	False
OID20646	TNFRSF11A	False	False
OID20647	CD160	False	False
OID20648	HCLS1	True	False
OID20649	CD6	False	False
OID20650	VEGFA	False	False
OID20651	ADAM23	False	False
OID20652	IL18R1	False	False
OID20653	TNFRSF4	False	False
OID20654	C1QA	False	False
OID20655	CCL13	True	False
OID20656	HGF	False	False
OID20657	MERTK	False	False
OID20658	AGRP	False	False
OID20660	CTSO	False	False
OID20661	FLT3LG	False	False
OID20662	VEGFD	False	False
OID20663	GZMA	False	False
OID20664	CLSTN2	False	False
OID20665	FASLG	False	False
OID20666	IL12B	False	False
OID20667	CDSN	True	False
OID20668	CCL11	False	False
OID20669	KYNU	False	False
OID20670	LY9	False	False
OID20671	CCL20	True	False
OID20672	MMP1	False	False
OID20673	PGF	False	False
OID20674	CCL25	False	False
OID20675	CXCL9	False	False
OID20676	SMPDL3A	False	False
OID20677	EPHA1	False	False
OID20678	IFNGR1	False	False
OID20679	CTSC	False	False
OID20680	CD276	False	False
OID20681	DBNL	False	False
OID20682	PKLR	False	False
OID20683	NCK2	True	False
OID20684	TIMP3	False	False
OID20685	PLA2G4A	True	False
OID20686	CCL21	False	False
OID20687	MMP10	False	False
OID20688	SCGB1A1	False	False
OID20689	ENPP7	False	False
OID20690	SIGLEC1	False	False
OID20691	F2R	False	False
OID20692	CD48	False	False
OID20693	CCL23	False	False
OID20694	IL18	False	False
OID20695	CCL4	False	False
OID20696	IL10RB	False	False
OID20697	CXCL10	False	False
OID20698	EGF	False	False
OID20699	CRLF1	False	False
OID20700	IL1RN	False	False
OID20701	CRIM1	False	False
OID20702	TNFRSF13B	False	False
OID20703	ANGPTL4	False	False
OID20704	CST7	False	False
OID20705	ERBB3	False	False
OID20706	NELL2	False	False
OID20707	MANF	False	False
OID20708	LY6D	False	False
OID20709	CCN2	False	False
OID20710	GLOD4	False	False
OID20711	MGLL	False	False
OID20712	DNER	False	False
OID20713	BTN2A1	False	False
OID20714	SHMT1	False	False
OID20715	FGF19	False	False
OID20716	CD58	False	False
OID20717	PTPN6	True	False
OID20718	HSPA1A	False	False
OID20719	CSF1	False	False
OID20720	SPINT2	False	False
OID20721	CKMT1A_CKMT1B	False	False
OID20722	FIS1	False	False
OID20723	SCGB3A2	False	False
OID20724	CD40	False	False
OID20725	OMD	False	False
OID20726	ANGPTL2	False	False
OID20727	GAL	False	False
OID20728	SCG3	False	False
OID20729	PDLIM7	False	False
OID20730	SMOC2	False	False
OID20731	TREM2	False	False
OID20732	MZB1	False	False
OID20733	TNFSF13	False	False
OID20734	ROBO1	False	False
OID20735	TNFRSF11B	False	False
OID20736	ENPP5	False	False
OID20737	LAIR1	False	False
OID20738	COLEC12	False	False
OID20739	SIRPB1	False	False
OID20740	ANGPT1	False	False
OID20741	PDGFB	False	False
OID20742	CRKL	False	False
OID20743	EPCAM	False	False
OID20744	DNPH1	False	False
OID20745	CCL17	False	False
OID20746	MEGF10	False	False
OID20747	CRHBP	False	False
OID20748	LGALS4	False	False
OID20749	LHPP	False	False
OID20750	TPP1	False	False
OID20751	CRELD2	False	False
OID20752	CTRC	False	False
OID20753	MEPE	False	False
OID20754	CDON	False	False
OID20755	ADGRE2	False	False
OID20756	AGER	False	False
OID20757	IL1R2	False	False
OID20758	ESM1	False	False
OID20759	SPON1	False	False
OID20760	ATP5IF1	False	False
OID20761	SKAP2	False	False
OID20762	CXCL1	False	False
OID20763	PRSS8	False	False
OID20764	PLAUR	False	False
OID20765	CCL22	False	False
OID20766	PRELP	False	False
OID20767	MATN2	False	False
OID20768	LTBR	False	False
OID20769	LAMA4	False	False
OID20770	FST	False	False
OID20771	CHRDL1	False	False
OID20772	CCL24	False	False
OID20773	LGMN	False	False
OID20774	DAG1	False	False
OID20775	PNLIPRP2	False	False
OID20776	OSCAR	False	False
OID20777	PON3	False	False
OID20778	FABP1	False	False
OID20779	MPIG6B	False	False
OID20780	B4GALT1	False	False
OID20781	LGALS9	False	False
OID20782	FSTL3	False	False
OID20783	TNFRSF14	False	False
OID20784	REG4	False	False
OID20785	WFIKKN2	False	False
OID20786	AGRN	False	False
OID20787	TFF2	False	False
OID20788	CXCL3	False	False
OID20789	NME3	False	False
OID20107	GLO1	False	False
OID20108	PAG1	False	False
OID20109	ADAM15	False	False
OID20110	USP8	False	False
OID20111	BMP6	False	False
OID20112	ITGB1BP2	True	False
OID20113	CTSH	False	False
OID20114	BAG6	False	False
OID20115	MSTN	False	False
OID20116	BOC	False	False
OID20117	ADH4	True	False
OID20118	CLTA	True	False
OID20119	EPHX2	True	True
OID20120	TP53INP1	True	True
OID20086	COMT	False	False
OID20087	MMP7	False	False
OID20088	PON2	False	False
OID20089	ADAMTS16	False	False
OID20090	GP2	True	False
OID20091	WASF1	True	False
OID20092	MPHOSPH8	True	False
OID20093	DNAJB8	True	False
OID20094	SLITRK6	False	False
OID20095	GPR37	False	False
OID20096	GZMH	False	False
OID20097	GYS1	True	False
OID20098	THPO	True	False
OID20049	NPPB	True	False
OID20050	TNNI3	True	True
OID20051	HNRNPK	True	False
OID20052	CEBPB	True	False
OID20053	VIM	True	True
OID20054	CHEK2	True	True
OID20055	CRHR1	True	False
OID20056	TSLP	True	False
OID20057	MFAP3	False	False
OID20099	CLEC1A	False	False
OID20100	ENTPD6	False	False
OID20101	IL6	False	False
OID20102	CEACAM8	True	False
OID20103	S100P	False	False
OID20104	ENTPD5	False	False
OID20105	ACE2	True	False
OID20106	DCN	False	False
OID20058	TCL1B	True	True
OID20059	DUOX2	True	False
OID20061	CTF1	True	False
OID20062	AKR1C4	False	False
OID20063	HEBP1	True	False
OID20068	TIA1	False	False
OID20069	CNPY2	False	False
OID20070	CRX	True	True
OID20071	VAMP5	True	False
OID20072	SUSD1	False	False
OID20073	RCOR1	True	False
OID20074	TNF	False	False
OID20075	CA5A	True	False
OID20076	FABP6	True	False
OID20077	STK11	True	False
OID20078	TSPAN1	True	False
OID20079	ACTA2	False	False
OID20080	MTPN	True	True
OID20081	EDIL3	False	False
OID20082	ZBTB17	True	False
OID20083	PTN	False	False
OID20084	CEP43	True	False
OID20085	IRAG2	False	False
OID20064	SERPINB5	False	False
OID20065	HK2	True	True
OID20066	GRK5	False	False
OID20067	VSTM2L	True	False
OID20128	LEPR	False	False
OID20129	TSHB	True	False
OID20130	S100A11	False	False
OID20131	VSIR	False	False
OID20132	PCDH17	False	False
OID20133	PDGFRA	False	False
OID20134	CDH17	True	False
OID20135	SNX9	False	False
OID20136	NTRK2	False	False
OID20137	ACY1	False	False
OID20138	DOK2	True	False
OID20139	AGXT	True	False
OID20140	STK4	True	False
OID20141	TGM2	False	False
OID20142	DPP7	False	False
OID20143	PLIN3	False	False
OID20195	GLRX	False	False
OID20196	KITLG	False	False
OID20197	PILRB	False	False
OID20198	CLUL1	False	False
OID20199	AHCY	False	False
OID20200	FABP2	False	False
OID20201	REN	False	False
OID20202	GDF2	True	False
OID20203	RNASE3	False	False
OID20204	SOST	False	False
OID20205	NPDC1	False	False
OID20206	CD69	False	False
OID20207	CXCL5	False	False
OID20157	CDH6	False	False
OID20158	IL19	False	False
OID20159	ACAN	False	False
OID20160	PLXNB3	False	False
OID20161	TYRO3	False	False
OID20162	EIF4EBP1	False	False
OID20121	CCL27	True	False
OID20122	AK1	True	False
OID20123	ANXA4	False	False
OID20124	ACOX1	True	True
OID20125	NTproBNP	False	False
OID20144	PLPBP	False	False
OID20145	ICAM5	False	False
OID20146	PRKAR1A	True	False
OID20147	IL6ST	False	False
OID20148	DCTPP1	False	False
OID20149	PM20D1	False	False
OID20150	LACTB2	False	False
OID20151	FADD	True	False
OID20152	CGREF1	False	False
OID20153	CXCL8	False	False
OID20154	LGALS1	False	False
OID20155	IGFBPL1	False	False
OID20156	MNDA	False	False
OID20163	PDCD6	False	False
OID20164	APLP1	False	False
OID20165	CLEC5A	False	False
OID20166	GSTA1	False	False
OID20167	IGSF8	False	False
OID20168	MEP1B	True	False
OID20169	SDC1	False	False
OID20170	CDH2	False	False
OID20171	MCFD2	False	False
OID20172	FCRL1	False	False
OID20173	GPNMB	False	False
OID20174	QDPR	False	False
OID20175	GHRL	False	False
OID20176	PPP1R2	False	False
OID20177	CD2AP	True	False
OID20178	NADK	False	False
OID20179	CBLIF	False	False
OID20180	TINAGL1	False	False
OID20181	CANT1	False	False
OID20182	SSC4D	True	False
OID20183	OLR1	False	False
OID20184	DIABLO	True	False
OID20185	LRP11	False	False
OID20186	SEMA3F	False	False
OID20187	LEP	False	False
OID20188	LPL	False	False
OID20189	ADGRG2	False	False
OID20190	SIGLEC7	False	False
OID20191	NPTXR	False	False
OID20192	GRAP2	True	False
OID20193	CDHR5	False	False
OID20194	THOP1	False	False
OID20208	COL4A1	False	False
OID20209	LILRA5	False	False
OID20210	MARCO	False	False
OID20211	ANGPTL1	False	False
OID20212	PRSS27	False	False
OID20213	SORT1	False	False
OID20214	SFTPD	False	False
OID20215	DDC	False	False
OID20216	SDC4	False	False
OID20217	HMOX1	False	False
OID20218	SNAP23	False	False
OID20219	SERPINA12	True	False
OID20220	GH1	False	False
OID20221	SPON2	False	False
OID20222	NECTIN2	False	False
OID20223	CHRDL2	False	False
OID20224	ROR1	False	False
OID20225	CA13	False	False
OID20226	CCDC80	False	False
OID20227	FBP1	True	False
OID20228	CTSL	False	False
OID20229	NRCAM	False	False
OID20230	HSPB1	False	False
OID20231	THBD	False	False
OID20232	KYAT1	False	False
OID20233	FAM3C	False	False
OID20234	TYMP	False	False
OID20126	CLC	True	False
OID20127	CNST	True	False
OID20301	LILRB2	False	False
OID20302	ST6GAL1	False	False
OID20303	TIE1	False	False
OID20304	SIRPA	False	False
OID20305	CASP3	False	False
OID20306	PTPRS	False	False
OID20307	CNTN1	False	False
OID20308	BPIFB1	False	False
OID20309	AZU1	True	False
OID20310	PTPRF	False	False
OID20311	NOTCH1	False	False
OID20312	CHIT1	False	False
OID20241	CA4	False	False
OID20242	EPHB4	False	False
OID20243	CDH5	False	False
OID20244	CES1	False	False
OID20245	FABP4	False	False
OID20246	IGFBP1	False	False
OID20247	PLAT	False	False
OID20248	ICAM2	False	False
OID20249	ADAMTS13	False	False
OID20250	IL1RL1	False	False
OID20251	GDF15	False	False
OID20252	PLA2G1B	False	False
OID20253	NOTCH3	False	False
OID20313	PDGFA	False	False
OID20235	PCSK9	False	False
OID20236	IGFBP7	False	False
OID20237	UMOD	False	False
OID20238	PLTP	False	False
OID20239	MFAP5	False	False
OID20240	LDLR	False	False
OID20254	LTBP2	False	False
OID20255	TGFBR3	False	False
OID20256	VWF	False	False
OID20257	PEAR1	False	False
OID20258	REG3A	False	False
OID20259	XG	False	False
OID20260	ADGRE5	False	False
OID20261	FUCA1	False	False
OID20262	CD209	False	False
OID20263	MB	False	False
OID20264	DKK3	False	False
OID20265	TNFRSF10C	False	False
OID20266	REG1B	False	False
OID20267	IL2RA	False	False
OID20268	PDGFRB	False	False
OID20269	MET	False	False
OID20270	ESAM	False	False
OID20271	CA3	False	False
OID20272	TNFSF13B	False	False
OID20273	ALCAM	False	False
OID20274	PLA2G2A	True	False
OID20275	MSMB	False	False
OID20276	CTSB	False	False
OID20277	ICAM3	False	False
OID20278	DPT	False	False
OID20279	CRTAC1	False	False
OID20280	CPA1	False	False
OID20281	SERPINA11	False	False
OID20282	CXCL16	False	False
OID20283	SEMA7A	False	False
OID20284	LGALS3	False	False
OID20285	MEGF9	False	False
OID20286	CORO1A	True	False
OID20287	ENG	False	False
OID20288	ENPP2	False	False
OID20289	CPB1	False	False
OID20290	SELE	False	False
OID20291	PAM	False	False
OID20292	COL6A3	False	False
OID20293	CST6	False	False
OID20294	CSTB	False	False
OID20295	DLK1	False	False
OID20296	GUSB	False	False
OID20297	SCARF1	False	False
OID20298	CELA3A	False	False
OID20299	CCN3	False	False
OID20300	HYOU1	False	False
OID20314	ACP5	False	False
OID20315	ITGB2	False	False
OID20316	FAS	False	False
OID20317	PLXNB2	False	False
OID20318	GAS6	False	False
OID20319	EGFR	False	False
OID20320	QPCT	False	False
OID20321	RNASET2	False	False
OID20322	SPP1	False	False
OID20323	LILRB1	False	False
OID20324	LILRB5	False	False
OID20325	IGFBP2	False	False
OID20326	PI3	False	False
OID20327	RETN	False	False
OID20328	CCL15	False	False
OID20329	PRTN3	True	False
OID20330	FAP	False	False
OID20331	PPIB	False	False
OID20332	COL18A1	False	False
OID20333	AMY2A	False	False
OID20334	CCL16	False	False
OID20335	COL1A1	False	False
OID20336	BLMH	False	False
OID20337	PRCP	False	False
OID20338	PGLYRP1	False	False
OID20339	CD59	False	False
OID20340	AMY2B	False	False
OID20341	TCN2	False	False
OID20342	SERPINE1	False	False
OID20343	MCAM	False	False
OID20344	DEFA1_DEFA1B	False	False
OID20345	VASN	False	False
OID20346	ART3	False	False
OID20347	CNDP1	False	False
OID20348	IL18BP	False	False
OID20349	F9	False	False
OID20350	ANPEP	False	False
OID20351	SSC5D	False	False
OID20352	ITIH3	True	False
OID20353	CDH1	False	False
OID20354	NCAM1	False	False
OID20355	LBP	False	False
OID20356	OSMR	False	False
OID20357	HYAL1	False	False
OID20358	CTSD	False	False
OID20359	TNC	False	False
OID20360	CD163	False	False
OID20361	SPARCL1	False	False
OID20362	NID1	False	False
OID20363	AXL	False	False
OID20364	PRSS2	False	False
OID20365	CTSZ	False	False
OID20366	CHL1	False	False
OID20367	C1QTNF1	False	False
OID20368	THBS4	False	False
OID20369	TFRC	False	False
OID20370	KIT	False	False
OID20371	TFF3	False	False
OID20372	F7	False	False
OID20373	RARRES2	False	False
OID20374	APOM	False	False
OID20375	TIMD4	False	False
OID20376	ITGB1	False	False
OID20377	CD55	False	False
OID20378	CD14	False	False
OID20379	SELP	False	False
OID20380	CD46	False	False
OID20381	GP1BA	False	False
OID20382	FCN2	False	False
OID20383	HSPG2	False	False
OID20384	PCOLCE	False	False
OID20385	IL6R	False	False
OID20386	SOD1	False	False
OID20387	FCGR3B	False	False
OID20388	TFPI	False	False
OID20389	AOC3	False	False
OID20390	NRP1	False	False
OID20391	FCGR2A	False	False
OID20392	LCN2	False	False
OID20393	CR2	False	False
OID20394	ADA2	False	False
OID20395	CCL18	False	False
OID20396	VCAM1	False	False
OID20397	CD93	False	False
OID20398	IGFBP3	False	False
OID20399	CHI3L1	False	False
OID20400	CST3	False	False
OID20401	CCL14	False	False
OID20402	PROC	False	False
OID20403	ANG	False	False
OID20404	FETUB	False	False
OID20405	COMP	False	False
OID20406	DPP4	False	False
OID20407	ANGPTL3	False	False
OID20408	PTGDS	False	False
OID20409	CA1	False	False
OID20410	C2	False	False
OID20411	ICAM1	False	False
OID20412	CCL5	True	False
OID20413	IGFBP6	False	False
OID20414	EFEMP1	False	False
OID20415	REG1A	False	False
OID20416	GGH	False	False
OID20417	TGFBI	False	False
OID20418	TIMP1	False	False
